<역별 승하차인원>,,,,,,,,,,,,,,,,,,,,,
전체,구분,05~06,06~07,07~08,08~09,09~10,10~11,11~12,12~13,13~14,14~15,15~16,16~17,17~18,18~19,19~20,20~21,21~22,22~23,23~24,24~01
서울역(1),승차," 17,465 "," 18,434 "," 50,313 "," 93,398 "," 78,705 "," 86,342 "," 93,585 "," 97,707 "," 102,608 "," 101,710 "," 93,849 "," 122,597 "," 142,272 "," 207,172 "," 156,209 "," 108,909 "," 116,350 "," 88,902 "," 49,049 "," 4,558 "
,하차," 7,829 "," 48,553 "," 110,250 "," 233,852 "," 121,983 "," 79,628 "," 75,577 "," 70,984 "," 80,388 "," 80,263 "," 79,592 "," 84,211 "," 91,308 "," 98,175 "," 81,918 "," 65,388 "," 59,285 "," 50,266 "," 32,182 "," 13,943 "
시 청(1),승차," 2,993 "," 4,473 "," 7,633 "," 10,404 "," 13,328 "," 16,953 "," 25,467 "," 27,265 "," 36,393 "," 41,128 "," 48,352 "," 52,182 "," 63,118 "," 117,857 "," 85,833 "," 74,034 "," 85,680 "," 69,327 "," 24,653 "," 1,691 "
,하차," 4,142 "," 19,730 "," 67,995 "," 175,458 "," 83,777 "," 48,363 "," 47,519 "," 42,646 "," 45,465 "," 42,882 "," 38,720 "," 36,738 "," 37,284 "," 45,942 "," 43,780 "," 25,171 "," 14,515 "," 8,552 "," 5,349 "," 1,603 "
종 각,승차," 7,371 "," 7,836 "," 14,545 "," 24,578 "," 23,691 "," 32,290 "," 47,470 "," 57,187 "," 76,131 "," 78,721 "," 87,480 "," 96,491 "," 115,106 "," 188,578 "," 156,569 "," 138,406 "," 176,800 "," 182,774 "," 86,306 "," 6,074 "
,하차," 4,861 "," 29,757 "," 93,579 "," 245,221 "," 153,933 "," 88,680 "," 83,402 "," 78,253 "," 84,694 "," 80,095 "," 71,320 "," 75,733 "," 91,056 "," 121,063 "," 106,523 "," 49,591 "," 27,783 "," 18,249 "," 10,439 "," 2,429 "
종로3(1),승차," 7,683 "," 6,733 "," 11,103 "," 20,647 "," 20,878 "," 32,775 "," 46,390 "," 62,213 "," 79,812 "," 89,760 "," 109,496 "," 117,960 "," 122,073 "," 138,037 "," 124,621 "," 87,746 "," 99,388 "," 93,874 "," 43,373 "," 4,284 "
,하차," 2,119 "," 18,872 "," 34,622 "," 103,951 "," 110,831 "," 95,839 "," 93,370 "," 97,363 "," 106,736 "," 106,276 "," 91,369 "," 77,952 "," 72,634 "," 84,674 "," 77,413 "," 35,839 "," 18,949 "," 12,579 "," 8,339 "," 4,016 "
종로5가,승차," 3,159 "," 4,416 "," 8,070 "," 12,328 "," 16,909 "," 24,445 "," 34,454 "," 43,485 "," 56,337 "," 63,083 "," 72,147 "," 78,378 "," 87,662 "," 112,569 "," 83,818 "," 51,502 "," 46,205 "," 35,584 "," 14,442 "," 1,047 "
,하차," 2,977 "," 14,274 "," 51,907 "," 127,936 "," 93,821 "," 67,136 "," 63,338 "," 61,557 "," 63,166 "," 59,980 "," 52,270 "," 44,883 "," 39,772 "," 39,299 "," 27,538 "," 13,731 "," 10,187 "," 8,500 "," 5,253 "," 1,550 "
동대문,승차," 13,570 "," 14,955 "," 28,139 "," 32,650 "," 28,878 "," 25,619 "," 25,431 "," 30,289 "," 33,404 "," 35,811 "," 37,221 "," 38,553 "," 39,791 "," 40,490 "," 33,662 "," 26,227 "," 24,449 "," 22,797 "," 12,488 "," 1,378 "
,하차," 3,176 "," 11,703 "," 18,818 "," 41,963 "," 39,519 "," 38,817 "," 42,117 "," 45,097 "," 45,292 "," 45,933 "," 44,102 "," 40,836 "," 38,522 "," 41,910 "," 40,636 "," 34,080 "," 28,885 "," 25,567 "," 16,863 "," 5,837 "
신설동(1),승차," 7,379 "," 11,384 "," 24,936 "," 33,848 "," 24,614 "," 22,337 "," 25,357 "," 29,247 "," 32,778 "," 32,837 "," 35,917 "," 38,590 "," 42,281 "," 58,866 "," 40,858 "," 27,493 "," 24,016 "," 22,953 "," 8,107 ", 558 
,하차," 1,991 "," 9,248 "," 33,809 "," 77,567 "," 52,622 "," 33,818 "," 29,901 "," 31,321 "," 33,285 "," 29,796 "," 28,097 "," 27,573 "," 28,361 "," 32,842 "," 28,189 "," 19,594 "," 17,165 "," 17,326 "," 12,012 "," 2,975 "
제기동,승차," 5,432 "," 10,675 "," 25,372 "," 32,579 "," 26,940 "," 28,781 "," 34,569 "," 39,531 "," 46,276 "," 49,218 "," 54,800 "," 60,054 "," 57,702 "," 57,808 "," 37,894 "," 22,871 "," 18,794 "," 13,575 "," 4,752 ", 301 
,하차," 2,562 "," 14,188 "," 21,419 "," 53,022 "," 39,372 "," 44,734 "," 47,875 "," 53,633 "," 58,264 "," 57,698 "," 50,276 "," 44,119 "," 37,284 "," 35,514 "," 29,430 "," 17,615 "," 14,610 "," 14,643 "," 9,957 "," 2,285 "
청량리,승차," 20,318 "," 32,688 "," 83,208 "," 117,006 "," 75,323 "," 65,009 "," 70,401 "," 71,667 "," 78,177 "," 79,725 "," 87,285 "," 90,482 "," 95,386 "," 96,655 "," 73,080 "," 60,459 "," 48,159 "," 40,716 "," 14,929 ", 963 
,하차," 5,307 "," 24,967 "," 41,351 "," 72,675 "," 74,262 "," 74,185 "," 72,502 "," 77,895 "," 86,168 "," 89,817 "," 87,378 "," 85,742 "," 87,603 "," 101,939 "," 92,060 "," 65,208 "," 59,219 "," 58,019 "," 38,778 "," 11,914 "
동묘앞,승차," 2,779 "," 3,034 "," 5,963 "," 7,454 "," 6,531 "," 6,421 "," 8,773 "," 13,398 "," 16,461 "," 17,350 "," 22,413 "," 26,155 "," 26,026 "," 26,744 "," 17,938 "," 10,419 "," 7,783 "," 6,456 "," 2,630 ", 313 
,하차, 430 ," 3,736 "," 9,412 "," 34,058 "," 21,584 "," 14,559 "," 14,944 "," 18,318 "," 21,588 "," 21,286 "," 18,977 "," 16,956 "," 14,506 "," 13,029 "," 9,488 "," 6,428 "," 5,465 "," 5,243 "," 4,700 "," 2,800 "
시 청(2),승차," 2,035 "," 3,074 "," 8,395 "," 11,645 "," 14,225 "," 18,935 "," 26,720 "," 26,947 "," 34,564 "," 38,134 "," 45,470 "," 47,036 "," 65,731 "," 140,195 "," 93,219 "," 59,935 "," 66,279 "," 53,086 "," 21,689 "," 3,157 "
,하차," 1,776 "," 17,387 "," 97,659 "," 216,553 "," 81,613 "," 40,417 "," 38,851 "," 35,886 "," 41,671 "," 40,616 "," 39,145 "," 36,505 "," 38,273 "," 42,482 "," 39,071 "," 22,528 "," 14,108 "," 10,591 "," 7,401 "," 2,831 "
을지입구,승차," 2,466 "," 2,358 "," 5,710 "," 9,584 "," 15,440 "," 21,197 "," 32,455 "," 39,058 "," 59,700 "," 71,537 "," 86,276 "," 96,672 "," 117,474 "," 213,881 "," 179,670 "," 163,459 "," 141,696 "," 115,304 "," 45,427 "," 6,498 "
,하차," 1,832 "," 19,798 "," 95,314 "," 301,554 "," 161,928 "," 78,929 "," 79,215 "," 78,458 "," 84,275 "," 83,512 "," 81,644 "," 77,867 "," 80,932 "," 89,425 "," 67,771 "," 24,484 "," 12,678 "," 7,630 "," 5,020 "," 6,377 "
을지3(2),승차," 1,029 "," 2,127 "," 4,082 "," 6,641 "," 9,357 "," 12,763 "," 15,863 "," 18,037 "," 22,419 "," 25,725 "," 27,697 "," 29,746 "," 36,119 "," 72,364 "," 61,117 "," 34,836 "," 31,534 "," 24,620 "," 11,134 "," 1,899 "
,하차," 1,034 "," 11,296 "," 39,207 "," 116,054 "," 64,935 "," 35,232 "," 27,715 "," 22,540 "," 25,083 "," 24,066 "," 21,466 "," 19,638 "," 19,287 "," 19,578 "," 14,224 "," 6,841 "," 4,477 "," 3,464 "," 2,933 "," 1,255 "
을지4가,승차, 896 ," 2,015 "," 3,572 "," 5,919 "," 9,319 "," 12,726 "," 16,408 "," 19,145 "," 23,808 "," 27,474 "," 31,318 "," 33,534 "," 39,854 "," 67,313 "," 57,769 "," 25,343 "," 17,927 "," 11,116 "," 4,919 ", 857 
,하차, 961 ," 8,790 "," 26,713 "," 93,562 "," 59,011 "," 33,157 "," 29,525 "," 25,108 "," 24,848 "," 25,376 "," 23,138 "," 19,755 "," 16,371 "," 12,628 "," 8,055 "," 4,017 "," 3,227 "," 2,736 "," 2,117 ", 667 
동운(2),승차," 9,832 "," 9,164 "," 11,435 "," 15,277 "," 15,174 "," 16,376 "," 20,760 "," 26,390 "," 30,351 "," 38,314 "," 47,037 "," 59,301 "," 61,082 "," 65,065 "," 51,770 "," 40,778 "," 38,001 "," 37,075 "," 25,792 "," 4,897 "
,하차, 933 ," 11,717 "," 28,801 "," 67,006 "," 38,118 "," 37,690 "," 39,403 "," 41,140 "," 47,159 "," 50,269 "," 47,580 "," 43,159 "," 40,214 "," 43,680 "," 51,145 "," 39,698 "," 32,499 "," 25,094 "," 16,342 "," 5,737 "
신당,승차," 7,779 "," 12,349 "," 27,981 "," 38,776 "," 24,809 "," 19,077 "," 19,234 "," 20,296 "," 22,763 "," 23,359 "," 25,353 "," 28,178 "," 30,898 "," 38,462 "," 35,189 "," 23,969 "," 20,725 "," 15,190 "," 7,399 "," 1,142 "
,하차," 1,180 "," 8,336 "," 17,844 "," 46,698 "," 31,595 "," 21,658 "," 21,538 "," 22,562 "," 24,799 "," 26,474 "," 27,079 "," 28,066 "," 28,725 "," 37,003 "," 35,566 "," 23,918 "," 21,534 "," 20,790 "," 14,215 "," 4,251 "
상왕십리,승차," 7,678 "," 12,812 "," 33,152 "," 52,000 "," 25,284 "," 19,538 "," 15,801 "," 16,150 "," 17,179 "," 16,261 "," 15,521 "," 16,419 "," 18,586 "," 26,327 "," 19,741 "," 13,925 "," 12,075 "," 9,341 "," 3,853 ", 517 
,하차, 648 ," 5,442 "," 10,149 "," 39,718 "," 19,967 "," 14,831 "," 12,056 "," 12,103 "," 12,991 "," 13,817 "," 16,455 "," 18,086 "," 20,996 "," 28,708 "," 28,802 "," 19,962 "," 19,054 "," 20,229 "," 14,484 "," 4,144 "
왕십리,승차," 6,645 "," 12,502 "," 32,645 "," 46,430 "," 27,202 "," 20,939 "," 21,252 "," 22,619 "," 25,507 "," 24,446 "," 25,768 "," 29,170 "," 35,328 "," 42,676 "," 30,239 "," 23,414 "," 24,172 "," 24,723 "," 16,734 "," 2,850 "
,하차," 1,193 "," 8,937 "," 14,357 "," 32,144 "," 19,804 "," 14,146 "," 14,988 "," 16,763 "," 19,014 "," 18,826 "," 20,216 "," 22,865 "," 27,198 "," 38,643 "," 38,330 "," 28,561 "," 27,164 "," 27,801 "," 22,052 "," 6,838 "
한양대,승차," 2,840 "," 4,759 "," 9,090 "," 14,074 "," 11,163 "," 12,323 "," 16,572 "," 23,712 "," 25,071 "," 32,932 "," 40,752 "," 54,743 "," 66,361 "," 56,840 "," 32,913 "," 29,350 "," 36,398 "," 31,594 "," 17,408 "," 3,371 "
,하차, 780 ," 9,259 "," 33,967 "," 95,911 "," 81,421 "," 67,447 "," 31,943 "," 40,587 "," 34,141 "," 29,364 "," 21,620 "," 20,481 "," 26,008 "," 31,400 "," 23,775 "," 15,519 "," 12,366 "," 11,836 "," 8,993 "," 2,891 "
뚝 섬,승차," 6,004 "," 14,839 "," 44,040 "," 61,312 "," 32,417 "," 23,647 "," 23,406 "," 23,716 "," 25,969 "," 28,729 "," 27,492 "," 28,685 "," 35,697 "," 52,491 "," 36,883 "," 21,347 "," 22,849 "," 15,686 "," 6,202 ", 795 
,하차," 1,128 "," 10,839 "," 26,194 "," 80,973 "," 35,241 "," 19,585 "," 19,126 "," 21,026 "," 23,932 "," 25,302 "," 26,842 "," 28,729 "," 30,032 "," 42,379 "," 42,303 "," 29,346 "," 26,268 "," 29,334 "," 19,827 "," 6,235 "
성 수,승차," 7,932 "," 13,101 "," 32,654 "," 43,004 "," 30,593 "," 25,461 "," 24,257 "," 24,325 "," 29,969 "," 30,609 "," 31,074 "," 33,518 "," 45,253 "," 88,813 "," 67,660 "," 37,906 "," 34,495 "," 26,343 "," 13,476 "," 2,034 "
,하차," 2,755 "," 23,224 "," 53,112 "," 179,607 "," 58,020 "," 26,743 "," 26,673 "," 23,749 "," 23,823 "," 24,488 "," 26,500 "," 28,554 "," 32,386 "," 39,340 "," 36,220 "," 25,735 "," 22,952 "," 22,934 "," 18,524 "," 12,057 "
건 대,승차," 23,676 "," 33,777 "," 90,295 "," 142,493 "," 84,181 "," 52,568 "," 49,475 "," 57,892 "," 64,044 "," 62,744 "," 66,107 "," 72,652 "," 86,280 "," 102,709 "," 88,789 "," 80,173 "," 93,515 "," 102,270 "," 64,848 "," 9,590 "
,하차," 2,387 "," 26,365 "," 37,209 "," 89,681 "," 62,500 "," 53,102 "," 50,020 "," 60,886 "," 68,047 "," 68,735 "," 73,140 "," 85,544 "," 108,114 "," 168,305 "," 175,683 "," 117,984 "," 98,293 "," 93,172 "," 63,441 "," 17,728 "
구 의,승차," 13,507 "," 25,483 "," 78,043 "," 124,220 "," 65,175 "," 39,937 "," 35,954 "," 35,905 "," 38,312 "," 36,319 "," 35,266 "," 36,131 "," 40,474 "," 53,373 "," 35,829 "," 26,431 "," 25,143 "," 21,941 "," 11,496 "," 1,950 "
,하차," 1,502 "," 10,769 "," 19,257 "," 58,271 "," 38,463 "," 27,512 "," 27,053 "," 29,597 "," 32,594 "," 34,082 "," 37,427 "," 41,574 "," 47,811 "," 70,452 "," 74,428 "," 54,595 "," 53,965 "," 54,841 "," 37,363 "," 10,967 "
강 변,승차," 12,065 "," 35,656 "," 123,895 "," 191,360 "," 121,986 "," 102,537 "," 104,340 "," 101,414 "," 101,597 "," 104,580 "," 107,455 "," 116,962 "," 131,927 "," 149,012 "," 132,074 "," 119,169 "," 93,252 "," 72,860 "," 32,315 "," 3,731 "
,하차," 4,913 "," 50,331 "," 66,473 "," 91,145 "," 94,599 "," 81,923 "," 82,156 "," 87,351 "," 99,733 "," 109,377 "," 121,359 "," 134,361 "," 144,015 "," 177,143 "," 165,025 "," 117,752 "," 103,595 "," 95,085 "," 61,009 "," 13,222 "
성 내,승차," 2,744 "," 12,433 "," 43,439 "," 54,991 "," 30,194 "," 24,113 "," 24,393 "," 24,233 "," 24,548 "," 24,115 "," 25,407 "," 29,377 "," 42,762 "," 48,810 "," 28,835 "," 21,484 "," 17,636 "," 12,811 "," 5,708 "," 1,026 "
,하차," 2,023 "," 31,286 "," 29,473 "," 42,351 "," 25,494 "," 21,692 "," 19,775 "," 21,602 "," 23,090 "," 24,190 "," 23,033 "," 24,452 "," 27,071 "," 35,455 "," 35,314 "," 25,188 "," 22,610 "," 22,800 "," 17,510 "," 5,728 "
잠 실,승차," 15,702 "," 49,582 "," 178,192 "," 246,272 "," 149,538 "," 103,022 "," 102,144 "," 104,737 "," 118,859 "," 119,566 "," 130,692 "," 141,830 "," 163,520 "," 211,909 "," 180,570 "," 164,374 "," 134,507 "," 119,293 "," 51,803 "," 5,392 "
,하차," 4,488 "," 38,364 "," 80,853 "," 171,584 "," 152,610 "," 97,828 "," 96,179 "," 102,451 "," 109,821 "," 114,775 "," 116,516 "," 131,317 "," 152,998 "," 209,881 "," 194,715 "," 128,591 "," 120,020 "," 123,661 "," 85,603 "," 22,910 "
신 천,승차," 8,315 "," 15,970 "," 53,762 "," 74,997 "," 39,939 "," 27,401 "," 25,531 "," 26,776 "," 27,506 "," 26,240 "," 27,428 "," 33,821 "," 49,704 "," 55,052 "," 37,601 "," 32,254 "," 34,233 "," 38,571 "," 26,175 "," 3,794 "
,하차," 1,407 "," 31,312 "," 24,589 "," 31,093 "," 28,892 "," 20,563 "," 20,556 "," 21,979 "," 24,670 "," 27,025 "," 28,756 "," 33,561 "," 42,246 "," 63,560 "," 68,131 "," 47,203 "," 38,206 "," 34,366 "," 23,470 "," 7,796 "
종합운동,승차," 2,496 "," 10,029 "," 29,197 "," 40,776 "," 28,634 "," 19,940 "," 18,861 "," 23,068 "," 25,401 "," 28,557 "," 32,318 "," 38,646 "," 41,399 "," 39,480 "," 35,261 "," 64,843 "," 50,299 "," 52,354 "," 22,758 ", 749 
,하차," 1,209 "," 14,939 "," 33,693 "," 51,084 "," 32,309 "," 25,489 "," 21,902 "," 27,437 "," 26,599 "," 31,020 "," 49,935 "," 67,816 "," 57,368 "," 70,754 "," 57,101 "," 25,739 "," 22,736 "," 24,267 "," 15,935 "," 3,773 "
삼 성,승차," 6,961 "," 14,629 "," 32,889 "," 44,500 "," 41,747 "," 43,256 "," 60,301 "," 74,698 "," 97,641 "," 112,105 "," 133,485 "," 154,412 "," 194,358 "," 332,211 "," 240,173 "," 191,407 "," 175,971 "," 147,775 "," 48,656 "," 5,959 "
,하차," 5,791 "," 45,066 "," 155,708 "," 403,418 "," 247,617 "," 127,998 "," 121,357 "," 125,256 "," 137,327 "," 134,850 "," 120,329 "," 116,738 "," 118,396 "," 130,726 "," 103,409 "," 52,013 "," 36,756 "," 31,119 "," 18,643 "," 14,841 "
선 릉,승차," 8,814 "," 18,853 "," 39,883 "," 57,160 "," 54,053 "," 56,357 "," 66,754 "," 73,898 "," 90,448 "," 91,931 "," 103,986 "," 113,798 "," 177,476 "," 312,520 "," 210,222 "," 127,400 "," 127,908 "," 112,611 "," 43,210 "," 6,250 "
,하차," 6,255 "," 44,841 "," 151,023 "," 409,782 "," 249,406 "," 100,117 "," 79,700 "," 75,711 "," 82,766 "," 79,412 "," 71,963 "," 72,931 "," 82,090 "," 89,002 "," 72,300 "," 45,441 "," 36,093 "," 33,515 "," 22,692 "," 9,415 "
역 삼,승차," 6,231 "," 12,101 "," 21,798 "," 33,038 "," 33,277 "," 38,447 "," 49,214 "," 53,167 "," 66,838 "," 69,817 "," 80,763 "," 83,086 "," 130,629 "," 270,284 "," 172,000 "," 102,224 "," 109,758 "," 93,417 "," 33,908 "," 5,668 "
,하차," 7,473 "," 33,971 "," 146,570 "," 433,981 "," 237,590 "," 90,308 "," 71,512 "," 59,299 "," 65,387 "," 66,795 "," 59,818 "," 61,326 "," 65,213 "," 70,726 "," 59,511 "," 35,398 "," 26,175 "," 21,077 "," 14,038 "," 4,981 "
강 남,승차," 15,916 "," 29,785 "," 59,817 "," 88,993 "," 71,391 "," 73,463 "," 95,645 "," 111,468 "," 145,307 "," 141,569 "," 162,306 "," 174,384 "," 228,344 "," 343,805 "," 265,809 "," 209,983 "," 258,682 "," 284,400 "," 130,027 "," 19,676 "
,하차," 13,122 "," 90,820 "," 216,887 "," 412,832 "," 304,197 "," 157,500 "," 134,063 "," 127,664 "," 153,040 "," 149,648 "," 141,022 "," 151,285 "," 187,498 "," 270,297 "," 240,648 "," 127,347 "," 85,620 "," 73,533 "," 50,950 "," 17,279 "
교대(2),승차," 3,799 "," 13,697 "," 32,170 "," 45,719 "," 40,423 "," 43,862 "," 51,593 "," 52,704 "," 68,316 "," 72,446 "," 83,228 "," 84,628 "," 107,258 "," 166,490 "," 101,235 "," 73,530 "," 84,376 "," 108,265 "," 33,540 "," 5,120 "
,하차," 5,296 "," 35,916 "," 108,921 "," 198,721 "," 171,387 "," 91,588 "," 72,082 "," 68,645 "," 77,656 "," 73,772 "," 70,139 "," 66,088 "," 70,449 "," 86,765 "," 70,100 "," 41,435 "," 34,933 "," 32,924 "," 21,311 "," 6,757 "
서 초,승차," 1,804 "," 6,115 "," 14,149 "," 23,834 "," 19,013 "," 17,955 "," 21,106 "," 23,746 "," 27,303 "," 30,801 "," 34,231 "," 34,833 "," 45,016 "," 88,587 "," 47,757 "," 29,832 "," 31,943 "," 27,107 "," 10,385 "," 1,480 "
,하차," 3,422 "," 15,957 "," 43,927 "," 114,664 "," 74,305 "," 33,773 "," 27,431 "," 26,234 "," 29,551 "," 26,183 "," 23,079 "," 22,129 "," 25,647 "," 30,687 "," 24,959 "," 13,905 "," 12,133 "," 12,006 "," 7,966 "," 2,477 "
방 배,승차," 4,075 "," 13,770 "," 35,340 "," 52,988 "," 36,754 "," 27,296 "," 27,793 "," 32,257 "," 37,585 "," 35,832 "," 38,604 "," 42,415 "," 50,073 "," 73,843 "," 50,203 "," 33,545 "," 35,433 "," 33,318 "," 13,423 "," 2,044 "
,하차," 2,878 "," 12,707 "," 30,020 "," 83,587 "," 71,727 "," 39,445 "," 30,374 "," 31,121 "," 34,210 "," 32,890 "," 31,100 "," 34,663 "," 41,650 "," 47,424 "," 44,774 "," 30,272 "," 28,127 "," 29,610 "," 20,120 "," 6,475 "
사당(2),승차," 13,197 "," 26,170 "," 77,222 "," 112,274 "," 72,961 "," 52,004 "," 51,107 "," 54,322 "," 62,341 "," 59,972 "," 65,409 "," 67,797 "," 80,863 "," 114,883 "," 89,992 "," 72,319 "," 77,135 "," 84,139 "," 47,563 "," 8,048 "
,하차," 4,098 "," 34,359 "," 68,994 "," 119,036 "," 78,934 "," 57,001 "," 50,885 "," 52,053 "," 55,340 "," 55,445 "," 61,067 "," 69,651 "," 91,590 "," 141,102 "," 135,440 "," 88,982 "," 82,523 "," 87,422 "," 58,316 "," 22,225 "
낙성대,승차," 13,370 "," 32,677 "," 103,585 "," 141,291 "," 73,744 "," 45,323 "," 41,304 "," 43,927 "," 47,157 "," 43,023 "," 41,372 "," 46,620 "," 53,300 "," 64,809 "," 46,277 "," 33,786 "," 33,990 "," 27,348 "," 15,133 "," 2,112 "
,하차," 1,981 "," 12,861 "," 27,694 "," 64,436 "," 50,397 "," 38,571 "," 28,922 "," 34,409 "," 33,645 "," 35,967 "," 39,565 "," 44,441 "," 52,071 "," 78,324 "," 86,164 "," 67,352 "," 68,287 "," 74,751 "," 55,111 "," 16,647 "
서울대,승차," 33,575 "," 49,883 "," 150,084 "," 196,970 "," 110,307 "," 71,289 "," 67,367 "," 73,208 "," 80,117 "," 76,998 "," 80,389 "," 89,668 "," 101,229 "," 115,824 "," 84,187 "," 67,083 "," 66,978 "," 64,394 "," 33,362 "," 4,783 "
,하차," 3,240 "," 22,661 "," 43,932 "," 101,326 "," 100,792 "," 82,858 "," 63,245 "," 71,320 "," 69,754 "," 72,399 "," 76,557 "," 82,631 "," 98,912 "," 147,679 "," 149,213 "," 105,187 "," 103,342 "," 111,349 "," 79,080 "," 38,552 "
봉 천,승차," 22,450 "," 37,004 "," 96,528 "," 131,923 "," 71,549 "," 40,735 "," 34,986 "," 35,256 "," 36,378 "," 30,565 "," 30,480 "," 34,282 "," 35,118 "," 39,465 "," 29,930 "," 21,819 "," 20,502 "," 18,532 "," 7,619 "," 1,267 "
,하차," 2,439 "," 8,502 "," 18,893 "," 36,253 "," 30,128 "," 22,517 "," 21,275 "," 23,269 "," 26,205 "," 27,624 "," 33,765 "," 39,524 "," 46,367 "," 72,893 "," 75,242 "," 53,063 "," 51,218 "," 58,329 "," 37,563 "," 11,686 "
신 림,승차," 49,677 "," 96,328 "," 280,681 "," 371,548 "," 188,839 "," 108,599 "," 98,333 "," 100,468 "," 101,874 "," 93,288 "," 93,115 "," 100,842 "," 112,757 "," 126,115 "," 101,544 "," 82,068 "," 80,750 "," 78,866 "," 45,249 "," 6,420 "
,하차," 4,919 "," 27,335 "," 50,975 "," 85,383 "," 74,558 "," 63,441 "," 64,864 "," 75,674 "," 85,019 "," 89,791 "," 99,229 "," 118,984 "," 145,705 "," 236,677 "," 267,534 "," 189,693 "," 175,710 "," 186,677 "," 132,661 "," 36,759 "
신대방,승차," 25,848 "," 35,400 "," 88,108 "," 117,093 "," 72,224 "," 40,099 "," 33,838 "," 33,060 "," 34,485 "," 31,694 "," 29,521 "," 31,013 "," 34,315 "," 42,606 "," 32,720 "," 25,905 "," 22,580 "," 17,666 "," 8,015 "," 1,095 "
,하차," 2,358 "," 9,862 "," 19,012 "," 42,037 "," 30,573 "," 24,051 "," 22,172 "," 25,374 "," 27,656 "," 29,710 "," 32,985 "," 39,407 "," 47,998 "," 74,633 "," 76,946 "," 55,444 "," 57,378 "," 70,112 "," 44,049 "," 11,090 "
구로공단,승차," 48,983 "," 61,671 "," 154,415 "," 195,869 "," 119,292 "," 75,166 "," 67,041 "," 67,104 "," 76,240 "," 69,687 "," 69,908 "," 76,528 "," 87,879 "," 170,151 "," 131,854 "," 84,367 "," 77,307 "," 61,009 "," 31,858 "," 4,378 "
,하차," 7,406 "," 26,232 "," 75,338 "," 264,425 "," 117,729 "," 63,300 "," 56,011 "," 57,475 "," 66,722 "," 68,092 "," 71,229 "," 76,339 "," 92,481 "," 147,576 "," 149,136 "," 100,279 "," 98,569 "," 121,058 "," 77,524 "," 19,240 "
대 림,승차," 45,296 "," 46,949 "," 112,005 "," 139,157 "," 84,940 "," 51,405 "," 41,685 "," 42,811 "," 44,948 "," 41,170 "," 39,705 "," 41,226 "," 46,992 "," 71,280 "," 51,455 "," 37,871 "," 35,359 "," 28,213 "," 15,251 "," 2,316 "
,하차," 4,057 "," 15,780 "," 29,578 "," 82,404 "," 42,944 "," 34,448 "," 34,309 "," 36,846 "," 39,760 "," 40,872 "," 45,195 "," 53,986 "," 65,830 "," 106,878 "," 103,918 "," 70,605 "," 72,451 "," 91,175 "," 55,798 "," 15,144 "
신도림,승차," 40,919 "," 60,823 "," 173,956 "," 177,169 "," 104,970 "," 73,860 "," 66,900 "," 69,134 "," 70,600 "," 65,129 "," 66,122 "," 71,471 "," 88,781 "," 112,580 "," 86,424 "," 69,792 "," 70,386 "," 58,514 "," 28,791 "," 3,693 "
,하차," 5,615 "," 31,553 "," 47,463 "," 108,029 "," 73,459 "," 57,026 "," 47,088 "," 53,900 "," 62,201 "," 62,990 "," 67,421 "," 77,151 "," 94,204 "," 136,491 "," 141,127 "," 98,220 "," 92,776 "," 104,428 "," 87,298 "," 46,582 "
문 래,승차," 4,543 "," 14,806 "," 47,418 "," 54,208 "," 32,168 "," 25,255 "," 24,239 "," 25,419 "," 26,368 "," 25,118 "," 26,167 "," 28,764 "," 35,596 "," 67,366 "," 45,359 "," 29,246 "," 27,301 "," 23,206 "," 10,706 "," 1,490 "
,하차," 1,577 "," 8,667 "," 26,745 "," 104,998 "," 40,537 "," 21,784 "," 20,057 "," 22,541 "," 25,645 "," 25,424 "," 25,407 "," 26,640 "," 31,637 "," 40,394 "," 42,472 "," 29,121 "," 26,598 "," 25,963 "," 18,151 "," 5,358 "
영등포구,승차," 7,589 "," 20,357 "," 54,103 "," 59,182 "," 40,734 "," 31,614 "," 30,729 "," 30,415 "," 34,554 "," 34,359 "," 34,524 "," 33,717 "," 43,856 "," 72,489 "," 45,138 "," 30,117 "," 28,377 "," 22,840 "," 11,216 "," 1,613 "
,하차," 2,346 "," 14,117 "," 31,221 "," 88,766 "," 46,441 "," 27,449 "," 26,266 "," 28,243 "," 32,786 "," 32,609 "," 31,253 "," 34,105 "," 39,746 "," 49,443 "," 50,773 "," 35,183 "," 33,399 "," 33,825 "," 24,598 "," 7,752 "
당 산,승차," 15,212 "," 43,847 "," 128,019 "," 149,612 "," 95,097 "," 67,613 "," 61,699 "," 60,804 "," 58,934 "," 52,522 "," 52,890 "," 61,144 "," 74,876 "," 105,143 "," 73,695 "," 48,135 "," 42,088 "," 36,517 "," 16,993 "," 2,219 "
,하차," 5,403 "," 25,998 "," 52,245 "," 116,439 "," 57,578 "," 38,673 "," 37,434 "," 42,139 "," 50,489 "," 51,320 "," 55,856 "," 62,905 "," 75,783 "," 103,450 "," 106,951 "," 80,002 "," 74,191 "," 80,601 "," 57,564 "," 14,149 "
합 정,승차," 11,279 "," 25,331 "," 69,099 "," 81,219 "," 49,912 "," 41,030 "," 36,880 "," 37,290 "," 41,188 "," 38,272 "," 37,105 "," 39,773 "," 48,992 "," 84,678 "," 65,534 "," 39,341 "," 39,013 "," 38,171 "," 19,737 "," 2,524 "
,하차," 3,895 "," 16,387 "," 32,391 "," 97,240 "," 58,895 "," 33,272 "," 29,163 "," 29,477 "," 33,129 "," 33,890 "," 33,861 "," 37,218 "," 43,411 "," 56,150 "," 58,713 "," 40,397 "," 36,096 "," 36,401 "," 25,925 "," 8,596 "
홍 대,승차," 33,230 "," 39,367 "," 92,335 "," 110,266 "," 62,307 "," 49,104 "," 49,848 "," 55,873 "," 67,570 "," 68,680 "," 72,910 "," 81,218 "," 101,020 "," 142,255 "," 114,308 "," 96,348 "," 120,270 "," 171,174 "," 87,584 "," 12,544 "
,하차," 3,342 "," 16,867 "," 45,527 "," 141,583 "," 111,309 "," 70,313 "," 61,165 "," 72,508 "," 86,447 "," 85,289 "," 88,211 "," 99,658 "," 140,782 "," 170,444 "," 178,288 "," 108,983 "," 82,894 "," 73,831 "," 57,524 "," 23,171 "
신 촌,승차," 16,080 "," 24,059 "," 57,826 "," 74,313 "," 49,514 "," 48,844 "," 58,666 "," 70,790 "," 84,257 "," 83,375 "," 96,050 "," 107,020 "," 129,415 "," 148,010 "," 121,326 "," 128,816 "," 141,022 "," 164,281 "," 94,013 "," 12,761 "
,하차," 4,178 "," 22,263 "," 53,217 "," 135,883 "," 138,311 "," 104,598 "," 88,342 "," 92,577 "," 100,059 "," 97,327 "," 97,548 "," 106,362 "," 136,677 "," 186,474 "," 176,422 "," 99,515 "," 73,395 "," 66,075 "," 47,967 "," 15,262 "
이 대,승차," 8,225 "," 13,428 "," 35,341 "," 52,158 "," 30,929 "," 22,532 "," 25,812 "," 39,401 "," 43,524 "," 45,092 "," 53,286 "," 63,923 "," 80,173 "," 77,268 "," 59,390 "," 52,614 "," 58,991 "," 50,322 "," 16,094 "," 1,807 "
,하차, 986 ," 8,626 "," 24,063 "," 61,298 "," 88,143 "," 59,048 "," 43,271 "," 53,190 "," 54,957 "," 48,605 "," 49,545 "," 49,766 "," 53,418 "," 65,288 "," 58,194 "," 37,396 "," 30,644 "," 30,558 "," 20,671 "," 7,013 "
아 현,승차," 8,325 "," 14,819 "," 38,594 "," 55,193 "," 33,288 "," 23,344 "," 22,226 "," 22,897 "," 21,262 "," 20,153 "," 21,336 "," 27,194 "," 24,717 "," 27,661 "," 20,507 "," 15,514 "," 13,404 "," 12,242 "," 5,954 ", 846 
,하차, 926 ," 5,940 "," 24,164 "," 32,680 "," 19,553 "," 15,483 "," 13,911 "," 15,356 "," 16,499 "," 17,357 "," 19,597 "," 22,368 "," 24,953 "," 35,356 "," 37,241 "," 27,120 "," 25,794 "," 26,990 "," 18,326 "," 5,409 "
충정로,승차," 4,032 "," 7,785 "," 19,570 "," 28,691 "," 18,576 "," 14,142 "," 16,125 "," 16,527 "," 17,726 "," 17,713 "," 17,509 "," 21,707 "," 21,892 "," 47,788 "," 27,922 "," 16,582 "," 16,341 "," 14,342 "," 6,308 ", 768 
,하차," 1,433 "," 8,047 "," 34,373 "," 70,036 "," 30,200 "," 16,097 "," 15,013 "," 14,027 "," 15,796 "," 15,763 "," 16,023 "," 16,562 "," 18,451 "," 23,152 "," 21,446 "," 15,137 "," 14,762 "," 15,491 "," 10,562 "," 3,555 "
용 답,승차," 2,882 "," 4,432 "," 11,534 "," 15,986 "," 6,915 "," 4,356 "," 3,994 "," 4,145 "," 4,444 "," 3,949 "," 3,750 "," 3,975 "," 4,438 "," 4,337 "," 3,345 "," 2,487 "," 1,978 "," 1,472 ", 670 , 106 
,하차, 141 ," 1,183 "," 1,815 "," 3,969 "," 2,986 "," 3,027 "," 2,927 "," 3,171 "," 3,809 "," 3,668 "," 4,491 "," 5,886 "," 6,755 "," 10,650 "," 10,724 "," 7,373 "," 7,432 "," 7,643 "," 5,821 "," 1,606 "
신 답,승차," 1,997 "," 2,747 "," 9,790 "," 11,288 "," 4,800 "," 3,107 "," 3,183 "," 3,123 "," 3,228 "," 3,355 "," 2,890 "," 2,733 "," 3,169 "," 3,174 "," 2,305 "," 1,479 "," 1,129 ", 694 , 339 , 37 
,하차, 115 , 766 ," 1,205 "," 2,488 "," 2,304 "," 2,077 "," 2,553 "," 2,801 "," 2,950 "," 3,216 "," 3,755 "," 4,832 "," 5,365 "," 8,471 "," 8,034 "," 5,882 "," 5,304 "," 5,030 "," 3,470 ", 864 
신설동(2),승차, 862 ," 1,557 "," 3,277 "," 4,712 "," 4,034 "," 5,143 "," 6,755 "," 8,484 "," 10,369 "," 11,631 "," 14,032 "," 14,732 "," 16,816 "," 21,109 "," 13,312 "," 7,257 "," 5,502 "," 5,012 "," 1,402 ", 182 
,하차, 269 ," 1,974 "," 8,539 "," 23,993 "," 15,885 "," 10,967 "," 9,513 "," 9,625 "," 10,004 "," 9,784 "," 9,217 "," 7,761 "," 6,965 "," 6,720 "," 4,837 "," 2,967 "," 2,459 "," 2,559 "," 1,952 ", 894 
도림천,승차, 392 , 551 ," 1,757 "," 1,660 "," 1,194 "," 1,069 ", 867 , 936 ," 1,006 ", 846 , 952 ," 1,254 "," 1,923 "," 2,181 "," 1,109 ", 766 , 715 , 494 , 198 , 55 
,하차, 198 ," 1,166 "," 2,106 "," 4,587 "," 1,317 ", 914 , 798 , 832 , 927 , 937 , 939 ," 1,127 "," 1,397 "," 1,542 "," 1,409 "," 1,107 ", 986 , 958 , 652 , 325 
양천구청,승차," 5,863 "," 14,172 "," 39,183 "," 37,174 "," 23,724 "," 16,874 "," 14,684 "," 14,732 "," 13,563 "," 11,926 "," 10,961 "," 11,758 "," 13,292 "," 13,318 "," 8,267 "," 5,963 "," 5,879 "," 5,044 "," 1,959 ", 262 
,하차," 1,324 "," 3,355 "," 6,566 "," 14,705 "," 10,031 "," 7,788 "," 8,431 "," 10,533 "," 12,828 "," 12,789 "," 13,572 "," 16,400 "," 19,379 "," 24,678 "," 28,166 "," 20,852 "," 18,846 "," 21,823 "," 16,523 "," 6,149 "
신정네거,승차," 12,879 "," 22,922 "," 66,799 "," 65,095 "," 33,470 "," 22,896 "," 20,755 "," 21,135 "," 19,293 "," 16,669 "," 15,799 "," 17,375 "," 17,520 "," 17,830 "," 13,324 "," 10,024 "," 8,844 "," 7,291 "," 3,734 ", 479 
,하차," 1,269 "," 4,162 "," 6,732 "," 14,606 "," 12,314 "," 10,497 "," 11,135 "," 12,271 "," 14,655 "," 16,681 "," 19,738 "," 23,458 "," 30,566 "," 43,726 "," 50,218 "," 36,328 "," 32,390 "," 35,387 "," 24,328 "," 8,528 "
용두역,승차, 895 ," 1,174 "," 4,101 "," 5,096 "," 2,681 "," 2,555 "," 3,042 "," 3,459 "," 3,938 "," 3,870 "," 4,720 "," 4,772 "," 5,826 "," 6,090 "," 3,546 "," 2,459 "," 2,292 "," 1,866 ", 802 , 125 
,하차, 172 ," 1,566 "," 3,056 "," 5,517 "," 3,807 "," 3,322 "," 3,447 "," 3,983 "," 4,759 "," 5,077 "," 5,027 "," 4,823 "," 5,242 "," 6,632 "," 5,420 "," 3,868 "," 3,128 "," 3,154 "," 1,940 ", 613 
지 축,승차," 1,667 "," 3,925 "," 11,334 "," 11,633 "," 7,453 "," 6,207 "," 5,191 "," 5,471 "," 5,784 "," 5,500 "," 5,012 "," 5,480 "," 6,600 "," 6,427 "," 4,730 "," 2,856 "," 2,111 "," 1,327 ", 546 , 166 
,하차, 294 ," 2,974 "," 4,092 "," 5,114 "," 5,299 "," 5,236 "," 4,365 "," 4,557 "," 4,849 "," 4,938 "," 5,713 "," 7,022 "," 7,105 "," 8,794 "," 8,558 "," 7,166 "," 6,564 "," 6,556 "," 4,257 ", 858 
구파발,승차," 4,171 "," 12,805 "," 46,805 "," 48,455 "," 24,820 "," 18,113 "," 14,466 "," 14,409 "," 14,274 "," 15,343 "," 16,656 "," 21,571 "," 30,884 "," 31,460 "," 14,154 "," 8,226 "," 5,076 "," 3,106 ", 993 , 120 
,하차," 1,196 "," 21,318 "," 19,764 "," 23,620 "," 25,312 "," 20,556 "," 13,244 "," 9,449 "," 8,148 "," 7,781 "," 7,604 "," 7,771 "," 8,401 "," 10,821 "," 11,650 "," 8,755 "," 7,879 "," 7,701 "," 7,334 "," 4,865 "
연신내,승차," 21,938 "," 48,932 "," 140,751 "," 170,874 "," 90,142 "," 63,295 "," 58,545 "," 59,293 "," 58,842 "," 54,121 "," 53,532 "," 58,932 "," 65,161 "," 68,431 "," 49,893 "," 38,429 "," 35,278 "," 31,097 "," 15,894 "," 2,118 "
,하차," 2,401 "," 21,004 "," 37,012 "," 42,585 "," 40,717 "," 35,230 "," 34,589 "," 39,280 "," 43,236 "," 47,487 "," 53,320 "," 61,778 "," 75,105 "," 104,658 "," 121,378 "," 89,071 "," 76,882 "," 75,568 "," 53,859 "," 16,528 "
불 광,승차," 9,566 "," 20,024 "," 60,151 "," 74,815 "," 38,794 "," 28,512 "," 26,396 "," 27,473 "," 30,289 "," 30,939 "," 31,123 "," 32,899 "," 35,611 "," 42,424 "," 28,299 "," 20,964 "," 18,519 "," 15,684 "," 7,483 ", 946 
,하차," 1,241 "," 7,950 "," 13,684 "," 43,596 "," 45,011 "," 34,613 "," 26,427 "," 28,347 "," 31,454 "," 32,440 "," 32,361 "," 36,359 "," 40,305 "," 53,418 "," 57,090 "," 40,456 "," 33,129 "," 31,664 "," 22,287 "," 6,819 "
녹 번,승차," 11,027 "," 24,635 "," 84,153 "," 107,966 "," 51,817 "," 32,006 "," 27,415 "," 26,289 "," 24,890 "," 21,679 "," 20,149 "," 20,107 "," 21,821 "," 24,993 "," 17,651 "," 12,524 "," 10,643 "," 7,915 "," 4,316 ", 552 
,하차, 658 ," 7,079 "," 10,840 "," 22,226 "," 14,098 "," 13,767 "," 13,187 "," 14,788 "," 17,446 "," 18,753 "," 20,735 "," 25,696 "," 31,015 "," 43,601 "," 51,031 "," 38,256 "," 35,027 "," 37,082 "," 27,322 "," 7,013 "
홍 제,승차," 12,852 "," 30,121 "," 89,023 "," 109,293 "," 62,123 "," 43,756 "," 38,762 "," 38,371 "," 38,997 "," 34,997 "," 33,758 "," 35,493 "," 36,554 "," 38,852 "," 28,100 "," 21,378 "," 18,596 "," 14,826 "," 7,023 ", 820 
,하차," 1,255 "," 8,782 "," 17,051 "," 42,128 "," 30,521 "," 25,958 "," 24,782 "," 27,897 "," 29,814 "," 31,068 "," 34,923 "," 43,055 "," 49,451 "," 65,469 "," 71,537 "," 51,623 "," 45,278 "," 47,288 "," 34,984 "," 7,436 "
무악재,승차," 2,899 "," 6,217 "," 21,352 "," 23,813 "," 13,846 "," 9,551 "," 8,089 "," 7,631 "," 7,219 "," 6,152 "," 5,939 "," 6,164 "," 6,535 "," 7,367 "," 5,057 "," 3,883 "," 3,116 "," 2,504 "," 1,271 ", 244 
,하차, 355 ," 1,560 "," 3,281 "," 8,398 "," 4,834 "," 4,004 "," 4,489 "," 4,808 "," 5,612 "," 6,364 "," 7,490 "," 8,416 "," 10,385 "," 13,260 "," 14,741 "," 11,344 "," 10,489 "," 11,363 "," 7,809 "," 2,056 "
독립문,승차," 6,839 "," 8,685 "," 20,508 "," 24,810 "," 16,989 "," 15,224 "," 15,843 "," 16,017 "," 16,747 "," 15,414 "," 15,830 "," 18,041 "," 17,666 "," 20,011 "," 12,798 "," 9,206 "," 8,733 "," 7,825 "," 3,278 ", 441 
,하차, 880 ," 7,603 "," 20,965 "," 32,372 "," 20,965 "," 14,700 "," 13,114 "," 12,424 "," 14,357 "," 14,401 "," 14,748 "," 15,126 "," 17,057 "," 21,047 "," 18,907 "," 13,871 "," 12,530 "," 12,718 "," 9,118 "," 5,635 "
경복궁,승차," 3,679 "," 8,337 "," 21,400 "," 31,975 "," 25,680 "," 22,305 "," 27,257 "," 32,015 "," 35,926 "," 37,821 "," 44,173 "," 54,639 "," 66,430 "," 88,569 "," 51,080 "," 36,069 "," 39,948 "," 36,335 "," 15,486 "," 1,698 "
,하차," 1,432 "," 14,736 "," 54,855 "," 134,053 "," 80,428 "," 49,719 "," 41,227 "," 39,671 "," 40,027 "," 36,654 "," 33,609 "," 31,064 "," 32,346 "," 37,661 "," 29,549 "," 18,974 "," 16,526 "," 16,678 "," 12,070 "," 3,291 "
안 국,승차," 2,894 "," 4,437 "," 9,765 "," 16,643 "," 19,678 "," 19,209 "," 27,355 "," 42,487 "," 50,098 "," 48,562 "," 57,955 "," 66,012 "," 63,488 "," 95,521 "," 61,721 "," 42,897 "," 48,405 "," 44,926 "," 17,575 "," 1,763 "
,하차," 1,521 "," 16,306 "," 99,403 "," 150,278 "," 85,188 "," 57,762 "," 54,932 "," 53,553 "," 52,554 "," 49,334 "," 43,454 "," 37,672 "," 37,649 "," 37,449 "," 26,393 "," 12,734 "," 9,106 "," 8,130 "," 5,568 "," 1,412 "
종로3(3),승차, 908 ," 1,512 "," 2,577 "," 3,916 "," 5,020 "," 6,976 "," 10,100 "," 12,380 "," 14,751 "," 15,883 "," 19,347 "," 23,684 "," 29,729 "," 43,246 "," 42,529 "," 22,519 "," 19,867 "," 16,627 "," 6,756 ", 883 
,하차, 338 ," 3,494 "," 9,914 "," 36,712 "," 49,116 "," 34,068 "," 22,729 "," 22,277 "," 23,330 "," 23,484 "," 20,653 "," 17,310 "," 15,966 "," 17,269 "," 13,193 "," 6,602 "," 3,861 "," 2,856 "," 1,991 ", 767 
을지3(3),승차, 639 ," 1,050 "," 1,957 "," 2,938 "," 5,499 "," 7,721 "," 10,001 "," 10,875 "," 14,540 "," 16,579 "," 18,549 "," 20,063 "," 23,832 "," 42,301 "," 38,526 "," 20,312 "," 16,444 "," 11,993 "," 5,483 ", 960 
,하차, 588 ," 4,910 "," 19,665 "," 72,830 "," 43,831 "," 23,635 "," 18,942 "," 16,038 "," 16,112 "," 16,210 "," 14,681 "," 13,450 "," 12,625 "," 12,630 "," 8,020 "," 4,032 "," 2,467 "," 1,671 "," 1,265 ", 663 
동 대,승차," 1,528 "," 3,839 "," 8,705 "," 11,404 "," 9,301 "," 9,258 "," 11,749 "," 15,747 "," 20,406 "," 20,631 "," 26,512 "," 28,420 "," 39,943 "," 42,989 "," 35,236 "," 30,828 "," 28,659 "," 25,049 "," 11,355 "," 1,238 "
,하차," 1,402 "," 8,280 "," 17,319 "," 69,026 "," 47,108 "," 39,659 "," 31,731 "," 28,388 "," 32,876 "," 25,502 "," 22,773 "," 18,393 "," 23,538 "," 25,770 "," 18,746 "," 10,222 "," 8,453 "," 7,942 "," 5,140 "," 1,883 "
약 수,승차," 7,851 "," 13,574 "," 37,440 "," 53,825 "," 33,735 "," 25,332 "," 23,016 "," 23,025 "," 24,684 "," 23,158 "," 22,465 "," 23,602 "," 26,704 "," 33,504 "," 26,227 "," 19,515 "," 17,600 "," 14,596 "," 6,916 "," 1,018 "
,하차," 1,182 "," 6,270 "," 13,417 "," 36,034 "," 25,680 "," 17,855 "," 17,007 "," 17,024 "," 19,085 "," 19,589 "," 22,765 "," 25,324 "," 29,476 "," 38,235 "," 36,985 "," 26,845 "," 25,020 "," 25,368 "," 16,868 "," 8,326 "
금 호,승차," 7,272 "," 15,834 "," 38,945 "," 62,874 "," 37,523 "," 21,711 "," 18,600 "," 17,337 "," 17,853 "," 16,041 "," 14,649 "," 14,555 "," 15,463 "," 16,235 "," 13,203 "," 9,701 "," 8,735 "," 6,671 "," 3,091 ", 411 
,하차, 848 ," 4,216 "," 5,270 "," 9,989 "," 8,880 "," 8,626 "," 9,664 "," 11,127 "," 11,891 "," 13,166 "," 16,696 "," 19,662 "," 23,135 "," 32,390 "," 33,325 "," 25,739 "," 26,172 "," 27,059 "," 16,730 "," 4,455 "
옥 수,승차," 3,078 "," 9,936 "," 29,761 "," 44,188 "," 27,532 "," 18,027 "," 15,834 "," 15,667 "," 15,740 "," 13,997 "," 13,595 "," 13,858 "," 16,657 "," 20,002 "," 14,088 "," 9,535 "," 8,260 "," 6,361 "," 3,119 ", 505 
,하차, 832 ," 4,551 "," 7,955 "," 18,479 "," 10,730 "," 8,502 "," 9,317 "," 10,630 "," 12,125 "," 13,597 "," 15,858 "," 18,466 "," 22,031 "," 27,624 "," 28,316 "," 21,659 "," 21,035 "," 21,860 "," 14,591 "," 3,376 "
압구정,승차," 4,778 "," 11,761 "," 24,347 "," 42,687 "," 32,737 "," 35,700 "," 44,463 "," 52,969 "," 63,754 "," 69,778 "," 79,775 "," 86,098 "," 102,787 "," 142,758 "," 132,188 "," 111,248 "," 89,123 "," 78,381 "," 31,871 "," 3,646 "
,하차," 2,062 "," 24,801 "," 72,435 "," 199,471 "," 186,364 "," 90,687 "," 79,602 "," 67,310 "," 76,996 "," 77,440 "," 73,716 "," 74,516 "," 84,750 "," 101,840 "," 86,471 "," 44,386 "," 29,557 "," 24,847 "," 15,267 "," 5,562 "
신 사,승차," 5,331 "," 8,267 "," 16,859 "," 27,181 "," 22,106 "," 21,073 "," 25,319 "," 28,484 "," 35,125 "," 37,195 "," 42,636 "," 45,210 "," 54,217 "," 96,755 "," 76,810 "," 48,014 "," 49,160 "," 46,849 "," 21,383 "," 2,509 "
,하차," 1,429 "," 16,080 "," 40,366 "," 144,023 "," 99,144 "," 45,991 "," 36,978 "," 33,464 "," 37,232 "," 38,236 "," 37,128 "," 36,582 "," 41,626 "," 52,829 "," 50,662 "," 28,976 "," 20,808 "," 17,979 "," 11,116 "," 3,403 "
잠 원,승차," 1,196 "," 5,578 "," 17,238 "," 26,084 "," 16,534 "," 12,137 "," 11,532 "," 11,613 "," 11,896 "," 9,970 "," 11,539 "," 12,542 "," 13,489 "," 14,647 "," 11,264 "," 7,282 "," 5,622 "," 5,275 "," 1,901 ", 254 
,하차, 543 ," 4,510 "," 8,065 "," 12,787 "," 10,603 "," 6,556 "," 7,545 "," 8,955 "," 10,195 "," 10,605 "," 10,621 "," 12,041 "," 13,643 "," 16,603 "," 16,558 "," 12,149 "," 11,634 "," 12,599 "," 8,600 "," 2,312 "
고속터미,승차," 10,312 "," 14,066 "," 44,545 "," 70,532 "," 67,071 "," 67,651 "," 81,048 "," 95,133 "," 110,046 "," 117,845 "," 128,237 "," 145,443 "," 163,204 "," 181,956 "," 168,320 "," 166,066 "," 144,745 "," 97,829 "," 41,675 "," 3,867 "
,하차," 5,271 "," 50,769 "," 67,968 "," 104,698 "," 123,633 "," 100,930 "," 111,952 "," 120,239 "," 131,317 "," 139,537 "," 147,091 "," 151,427 "," 158,774 "," 174,867 "," 143,840 "," 86,215 "," 69,329 "," 50,284 "," 28,315 "," 5,812 "
교대(3),승차," 1,409 "," 3,443 "," 10,218 "," 12,265 "," 11,413 "," 13,677 "," 16,062 "," 17,191 "," 22,431 "," 23,824 "," 28,443 "," 25,954 "," 34,477 "," 60,403 "," 33,667 "," 23,750 "," 25,434 "," 31,995 "," 8,854 "," 1,981 "
,하차, 480 ," 7,124 "," 34,938 "," 62,471 "," 40,717 "," 19,520 "," 13,772 "," 14,038 "," 14,911 "," 13,784 "," 14,274 "," 13,116 "," 16,166 "," 19,473 "," 14,300 "," 8,555 "," 7,064 "," 6,462 "," 4,638 "," 1,879 "
남부터미,승차," 3,158 "," 10,442 "," 30,844 "," 45,864 "," 44,522 "," 44,550 "," 49,895 "," 56,623 "," 62,004 "," 62,344 "," 65,471 "," 69,551 "," 85,774 "," 140,049 "," 100,749 "," 72,085 "," 64,207 "," 56,492 "," 18,882 "," 1,589 "
,하차," 1,190 "," 29,633 "," 61,412 "," 182,700 "," 102,469 "," 63,795 "," 56,725 "," 55,002 "," 60,541 "," 65,931 "," 63,925 "," 67,390 "," 71,322 "," 78,279 "," 66,871 "," 37,693 "," 29,915 "," 22,430 "," 13,370 "," 3,460 "
양 재,승차," 6,612 "," 17,386 "," 44,033 "," 60,125 "," 48,540 "," 46,063 "," 51,386 "," 60,112 "," 72,763 "," 75,305 "," 85,187 "," 94,513 "," 108,987 "," 201,762 "," 137,326 "," 88,197 "," 89,087 "," 76,857 "," 27,315 "," 2,942 "
,하차," 1,786 "," 45,748 "," 114,403 "," 298,033 "," 160,086 "," 86,182 "," 67,872 "," 65,025 "," 68,807 "," 65,590 "," 61,362 "," 61,499 "," 69,915 "," 85,037 "," 77,514 "," 50,848 "," 41,055 "," 39,246 "," 25,523 "," 7,121 "
매 봉,승차," 1,619 "," 6,420 "," 20,249 "," 24,530 "," 16,534 "," 13,689 "," 13,629 "," 13,473 "," 15,146 "," 15,912 "," 18,108 "," 18,109 "," 24,966 "," 52,583 "," 33,282 "," 20,147 "," 21,156 "," 17,170 "," 5,844 ", 557 
,하차, 308 ," 9,073 "," 18,620 "," 73,668 "," 36,605 "," 14,870 "," 12,607 "," 11,891 "," 12,248 "," 12,266 "," 12,560 "," 13,648 "," 15,582 "," 19,712 "," 19,165 "," 11,486 "," 9,913 "," 9,619 "," 6,687 "," 2,168 "
도 곡,승차," 2,256 "," 7,003 "," 21,953 "," 28,692 "," 18,908 "," 13,966 "," 14,186 "," 14,900 "," 14,264 "," 13,836 "," 15,793 "," 19,151 "," 23,320 "," 30,406 "," 18,753 "," 12,853 "," 12,441 "," 10,621 "," 3,294 ", 438 
,하차, 317 ," 4,433 "," 17,952 "," 26,257 "," 22,356 "," 12,009 "," 10,752 "," 11,548 "," 12,138 "," 12,302 "," 12,151 "," 13,865 "," 15,198 "," 17,623 "," 18,007 "," 13,616 "," 11,537 "," 12,407 "," 9,048 "," 5,383 "
대 치,승차," 2,259 "," 12,001 "," 36,120 "," 35,760 "," 22,692 "," 17,170 "," 16,583 "," 17,222 "," 16,672 "," 16,571 "," 18,306 "," 20,341 "," 22,858 "," 26,085 "," 20,460 "," 17,650 "," 16,116 "," 22,814 "," 7,571 ", 943 
,하차, 417 ," 8,519 "," 16,642 "," 21,826 "," 20,560 "," 13,710 "," 12,900 "," 15,141 "," 18,200 "," 17,717 "," 18,844 "," 22,533 "," 26,099 "," 28,373 "," 27,285 "," 19,498 "," 15,818 "," 16,935 "," 11,866 "," 4,194 "
학여울,승차, 637 ," 1,566 "," 4,940 "," 5,654 "," 4,010 "," 3,171 "," 3,949 "," 3,989 "," 4,316 "," 4,689 "," 5,389 "," 6,837 "," 7,472 "," 8,426 "," 4,820 "," 2,980 "," 2,854 "," 2,737 ", 965 , 138 
,하차, 158 ," 1,613 "," 3,300 "," 7,418 "," 6,350 "," 4,956 "," 4,630 "," 4,880 "," 5,467 "," 5,285 "," 4,945 "," 5,031 "," 4,861 "," 4,769 "," 4,734 "," 3,111 "," 2,772 "," 2,925 "," 2,351 ", 774 
대 청,승차," 4,103 "," 12,779 "," 45,668 "," 45,249 "," 22,697 "," 16,695 "," 15,566 "," 15,637 "," 15,742 "," 15,228 "," 15,426 "," 18,862 "," 20,402 "," 25,684 "," 15,613 "," 11,368 "," 10,662 "," 8,587 "," 3,311 ", 461 
,하차, 832 ," 6,309 "," 15,424 "," 26,638 "," 13,011 "," 9,247 "," 9,402 "," 10,595 "," 11,213 "," 11,861 "," 14,686 "," 17,700 "," 18,475 "," 24,088 "," 26,810 "," 20,898 "," 19,669 "," 22,301 "," 17,459 "," 5,735 "
일 원,승차," 1,620 "," 7,219 "," 26,588 "," 24,139 "," 16,347 "," 15,526 "," 18,132 "," 17,799 "," 15,501 "," 17,362 "," 20,730 "," 24,294 "," 22,994 "," 17,285 "," 11,172 "," 9,589 "," 8,175 "," 5,181 "," 1,848 ", 306 
,하차, 833 ," 10,185 "," 18,704 "," 23,075 "," 18,504 "," 18,143 "," 14,644 "," 16,150 "," 18,595 "," 17,328 "," 14,563 "," 14,175 "," 15,128 "," 17,713 "," 18,699 "," 14,288 "," 11,392 "," 11,460 "," 8,380 "," 2,658 "
수 서,승차," 5,811 "," 12,974 "," 39,904 "," 52,851 "," 29,876 "," 20,711 "," 19,175 "," 18,658 "," 19,452 "," 17,982 "," 18,037 "," 19,705 "," 24,073 "," 35,174 "," 20,131 "," 13,611 "," 13,864 "," 9,528 "," 3,445 ", 424 
,하차, 352 ," 7,298 "," 15,603 "," 34,937 "," 19,503 "," 12,949 "," 12,961 "," 13,357 "," 14,519 "," 16,029 "," 17,559 "," 20,468 "," 23,240 "," 30,339 "," 32,416 "," 23,719 "," 21,583 "," 23,225 "," 16,460 "," 7,359 "
당고개,승차," 12,235 "," 21,466 "," 62,352 "," 59,794 "," 35,329 "," 25,085 "," 21,564 "," 22,482 "," 22,183 "," 20,173 "," 20,291 "," 20,759 "," 24,541 "," 23,989 "," 18,045 "," 13,030 "," 10,508 "," 7,274 "," 2,935 ", 448 
,하차, 77 ," 8,138 "," 11,942 "," 21,618 "," 18,217 "," 18,387 "," 15,276 "," 15,719 "," 16,662 "," 17,144 "," 19,306 "," 23,082 "," 26,578 "," 34,390 "," 38,955 "," 32,071 "," 28,274 "," 28,481 "," 24,305 "," 10,205 "
상 계,승차," 17,690 "," 46,606 "," 121,559 "," 119,570 "," 65,932 "," 45,674 "," 39,290 "," 38,825 "," 35,693 "," 31,353 "," 29,017 "," 31,129 "," 33,191 "," 31,986 "," 25,088 "," 19,549 "," 18,183 "," 16,024 "," 7,617 "," 1,037 "
,하차, 198 ," 11,404 "," 23,413 "," 25,677 "," 22,516 "," 20,748 "," 20,186 "," 24,123 "," 26,766 "," 28,451 "," 34,270 "," 38,606 "," 47,923 "," 65,850 "," 77,550 "," 60,627 "," 52,653 "," 54,814 "," 44,233 "," 16,313 "
노 원,승차," 13,462 "," 33,670 "," 75,915 "," 89,521 "," 54,574 "," 43,398 "," 39,248 "," 40,293 "," 41,734 "," 38,819 "," 38,229 "," 40,353 "," 43,955 "," 46,724 "," 38,553 "," 42,065 "," 37,471 "," 38,815 "," 20,283 "," 2,584 "
,하차, 667 ," 10,015 "," 22,426 "," 33,692 "," 43,923 "," 29,215 "," 28,759 "," 34,561 "," 39,858 "," 41,814 "," 45,877 "," 51,257 "," 67,439 "," 93,104 "," 100,061 "," 74,320 "," 64,101 "," 62,429 "," 48,036 "," 16,464 "
창 동,승차," 18,142 "," 47,864 "," 126,855 "," 122,709 "," 80,669 "," 62,738 "," 58,202 "," 58,275 "," 57,431 "," 53,079 "," 52,277 "," 58,276 "," 63,927 "," 69,830 "," 49,733 "," 37,864 "," 35,859 "," 31,761 "," 18,243 "," 2,362 "
,하차," 4,054 "," 15,234 "," 31,688 "," 58,667 "," 47,948 "," 43,803 "," 43,171 "," 49,859 "," 52,824 "," 56,328 "," 63,830 "," 72,079 "," 83,691 "," 106,954 "," 119,444 "," 91,937 "," 80,302 "," 81,870 "," 61,058 "," 21,860 "
쌍 문,승차," 23,608 "," 62,191 "," 165,423 "," 176,839 "," 101,813 "," 66,952 "," 56,694 "," 56,052 "," 53,626 "," 46,856 "," 42,062 "," 43,711 "," 48,849 "," 47,059 "," 38,393 "," 27,681 "," 22,572 "," 18,032 "," 8,626 "," 1,185 "
,하차," 1,247 "," 11,647 "," 20,839 "," 32,417 "," 25,370 "," 24,432 "," 25,871 "," 30,053 "," 35,003 "," 37,890 "," 43,968 "," 52,600 "," 63,842 "," 90,319 "," 108,595 "," 86,856 "," 75,981 "," 78,751 "," 61,779 "," 17,490 "
수 유,승차," 24,880 "," 63,740 "," 181,985 "," 188,023 "," 113,610 "," 81,333 "," 74,354 "," 74,171 "," 75,024 "," 69,455 "," 68,982 "," 73,220 "," 79,480 "," 92,740 "," 65,671 "," 49,814 "," 44,897 "," 35,823 "," 19,654 "," 2,634 "
,하차," 2,817 "," 17,952 "," 29,060 "," 92,897 "," 63,247 "," 55,060 "," 53,266 "," 56,269 "," 59,236 "," 64,371 "," 69,939 "," 80,879 "," 93,811 "," 129,689 "," 150,841 "," 117,500 "," 100,328 "," 98,992 "," 74,459 "," 16,874 "
미 아,승차," 12,994 "," 27,378 "," 78,046 "," 80,872 "," 47,287 "," 32,629 "," 30,567 "," 31,127 "," 33,110 "," 29,552 "," 29,860 "," 29,197 "," 33,712 "," 32,994 "," 25,905 "," 18,470 "," 17,437 "," 12,616 "," 5,888 ", 805 
,하차," 1,473 "," 8,778 "," 18,667 "," 32,350 "," 23,283 "," 20,408 "," 21,702 "," 24,911 "," 27,742 "," 28,154 "," 27,696 "," 31,893 "," 35,796 "," 48,788 "," 54,167 "," 38,817 "," 34,015 "," 33,935 "," 24,351 "," 5,945 "
미아3거,승차," 19,977 "," 46,842 "," 149,182 "," 157,048 "," 90,141 "," 59,326 "," 52,971 "," 54,524 "," 57,155 "," 54,006 "," 51,673 "," 53,741 "," 61,353 "," 60,230 "," 51,185 "," 52,479 "," 35,092 "," 26,048 "," 14,039 "," 1,998 "
,하차," 2,703 "," 13,622 "," 24,264 "," 43,556 "," 47,638 "," 32,995 "," 37,454 "," 41,611 "," 46,666 "," 48,735 "," 57,348 "," 67,520 "," 80,932 "," 109,298 "," 122,356 "," 86,694 "," 75,332 "," 74,752 "," 51,365 "," 10,853 "
길 음,승차," 11,443 "," 31,624 "," 103,519 "," 106,975 "," 61,441 "," 43,565 "," 37,317 "," 40,078 "," 40,972 "," 37,935 "," 40,139 "," 44,046 "," 51,916 "," 62,144 "," 41,243 "," 32,382 "," 27,576 "," 25,785 "," 15,294 "," 1,775 "
,하차," 3,474 "," 17,873 "," 26,713 "," 67,012 "," 47,575 "," 42,498 "," 39,088 "," 34,641 "," 38,795 "," 37,211 "," 38,005 "," 44,036 "," 54,223 "," 73,664 "," 78,697 "," 58,128 "," 51,434 "," 52,666 "," 39,807 "," 8,919 "
성신여대,승차," 7,795 "," 23,379 "," 64,218 "," 71,858 "," 48,151 "," 36,722 "," 38,152 "," 41,672 "," 42,420 "," 42,452 "," 46,335 "," 46,749 "," 58,700 "," 65,713 "," 46,027 "," 39,620 "," 39,969 "," 39,752 "," 18,422 "," 2,200 "
,하차," 1,402 "," 9,749 "," 24,954 "," 71,209 "," 45,001 "," 35,482 "," 40,912 "," 33,416 "," 33,257 "," 38,750 "," 35,968 "," 37,999 "," 50,382 "," 61,814 "," 64,539 "," 45,379 "," 37,993 "," 36,645 "," 26,867 "," 6,402 "
한성대,승차," 8,452 "," 16,296 "," 42,442 "," 54,506 "," 34,585 "," 26,696 "," 26,441 "," 28,586 "," 31,143 "," 28,645 "," 33,411 "," 38,903 "," 39,381 "," 43,148 "," 29,538 "," 24,886 "," 24,545 "," 27,969 "," 11,768 "," 1,788 "
,하차," 1,302 "," 10,416 "," 44,203 "," 48,472 "," 39,274 "," 27,710 "," 23,696 "," 27,889 "," 28,882 "," 27,565 "," 29,896 "," 28,502 "," 36,459 "," 41,502 "," 40,420 "," 29,695 "," 26,739 "," 26,236 "," 19,802 "," 15,215 "
혜 화,승차," 8,005 "," 12,474 "," 23,966 "," 32,789 "," 30,078 "," 35,675 "," 45,545 "," 53,687 "," 62,295 "," 67,557 "," 83,835 "," 93,247 "," 114,600 "," 138,555 "," 99,589 "," 95,319 "," 141,567 "," 155,198 "," 75,564 "," 8,099 "
,하차," 2,290 "," 19,882 "," 62,504 "," 132,271 "," 119,734 "," 87,539 "," 73,473 "," 84,916 "," 100,558 "," 109,801 "," 95,686 "," 88,087 "," 107,650 "," 143,558 "," 129,929 "," 57,524 "," 39,104 "," 29,927 "," 21,219 "," 7,687 "
동대문(4),승차," 9,310 "," 7,986 "," 8,221 "," 12,079 "," 17,372 "," 25,519 "," 33,745 "," 40,287 "," 50,976 "," 62,831 "," 77,064 "," 83,856 "," 104,076 "," 108,255 "," 70,861 "," 47,044 "," 41,088 "," 36,997 "," 19,403 "," 2,278 "
,하차," 1,978 "," 20,057 "," 57,357 "," 106,973 "," 90,016 "," 68,208 "," 58,306 "," 51,652 "," 52,458 "," 55,998 "," 49,848 "," 40,243 "," 32,559 "," 29,972 "," 32,813 "," 26,166 "," 19,165 "," 11,838 "," 7,227 "," 2,854 "
동운(4),승차," 9,842 "," 10,165 "," 10,808 "," 13,114 "," 13,620 "," 14,582 "," 20,168 "," 24,960 "," 32,868 "," 40,877 "," 49,088 "," 58,327 "," 66,729 "," 84,640 "," 72,118 "," 57,163 "," 51,809 "," 51,396 "," 34,182 "," 5,154 "
,하차," 1,399 "," 14,448 "," 26,314 "," 76,158 "," 52,944 "," 44,263 "," 40,325 "," 41,603 "," 46,757 "," 50,780 "," 47,112 "," 42,226 "," 40,001 "," 42,239 "," 50,243 "," 38,086 "," 29,799 "," 21,292 "," 13,688 "," 4,500 "
충무로,승차," 4,315 "," 6,134 "," 12,046 "," 19,378 "," 23,025 "," 25,805 "," 33,119 "," 38,350 "," 49,987 "," 53,164 "," 61,916 "," 68,155 "," 86,929 "," 160,621 "," 130,204 "," 85,377 "," 85,995 "," 77,093 "," 40,600 "," 7,417 "
,하차," 2,590 "," 21,882 "," 66,441 "," 256,759 "," 153,897 "," 82,629 "," 64,220 "," 57,855 "," 60,923 "," 57,851 "," 52,109 "," 48,952 "," 49,394 "," 53,688 "," 42,840 "," 23,695 "," 16,558 "," 13,637 "," 9,661 "," 3,932 "
명 동,승차," 1,299 "," 2,458 "," 4,511 "," 7,598 "," 13,222 "," 17,568 "," 25,781 "," 33,864 "," 45,213 "," 58,159 "," 74,091 "," 92,087 "," 110,994 "," 148,324 "," 127,509 "," 121,109 "," 143,024 "," 135,660 "," 47,692 "," 3,636 "
,하차," 1,072 "," 17,662 "," 54,675 "," 155,827 "," 118,988 "," 79,032 "," 73,688 "," 85,987 "," 97,166 "," 100,155 "," 98,417 "," 93,766 "," 104,961 "," 102,394 "," 77,862 "," 39,084 "," 19,324 "," 9,858 "," 5,365 "," 1,533 "
회 현,승차," 4,074 "," 6,357 "," 10,229 "," 14,269 "," 18,009 "," 24,895 "," 38,682 "," 54,125 "," 70,701 "," 83,892 "," 91,576 "," 99,819 "," 109,352 "," 124,486 "," 87,128 "," 72,045 "," 42,944 "," 25,860 "," 12,495 "," 1,823 "
,하차," 1,663 "," 25,894 "," 57,322 "," 161,902 "," 135,213 "," 85,434 "," 92,971 "," 86,007 "," 79,917 "," 77,667 "," 67,836 "," 50,481 "," 39,909 "," 32,562 "," 22,565 "," 11,422 "," 9,238 "," 10,191 "," 8,053 "," 2,305 "
서울역(4),승차," 3,044 "," 4,219 "," 7,803 "," 13,936 "," 11,492 "," 11,342 "," 12,434 "," 12,329 "," 13,101 "," 12,113 "," 12,240 "," 14,854 "," 17,898 "," 31,208 "," 19,813 "," 13,839 "," 13,450 "," 10,108 "," 5,027 ", 858 
,하차, 905 ," 14,106 "," 28,385 "," 59,567 "," 35,804 "," 24,805 "," 24,133 "," 24,750 "," 29,806 "," 30,316 "," 33,075 "," 34,791 "," 38,526 "," 40,490 "," 34,284 "," 25,919 "," 23,424 "," 18,570 "," 10,414 "," 5,180 "
숙 대,승차," 6,120 "," 11,212 "," 27,701 "," 39,447 "," 26,357 "," 21,873 "," 24,197 "," 26,399 "," 31,520 "," 29,929 "," 35,299 "," 41,626 "," 51,082 "," 61,796 "," 44,994 "," 32,937 "," 35,465 "," 31,804 "," 14,531 "," 1,885 "
,하차," 1,255 "," 11,777 "," 35,835 "," 88,771 "," 48,736 "," 36,972 "," 28,704 "," 29,820 "," 28,606 "," 27,221 "," 25,410 "," 27,605 "," 32,674 "," 41,242 "," 38,340 "," 25,402 "," 22,970 "," 23,585 "," 16,262 "," 3,661 "
삼각지,승차, 842 ," 2,094 "," 5,724 "," 8,746 "," 6,646 "," 5,414 "," 5,875 "," 7,871 "," 9,804 "," 9,216 "," 9,014 "," 9,462 "," 13,034 "," 26,184 "," 16,854 "," 9,876 "," 8,854 "," 7,903 "," 3,294 ", 492 
,하차, 731 ," 6,472 "," 16,253 "," 35,249 "," 15,359 "," 12,181 "," 12,360 "," 12,624 "," 11,782 "," 10,715 "," 11,082 "," 10,438 "," 11,383 "," 13,765 "," 12,524 "," 7,239 "," 6,605 "," 6,575 "," 4,257 "," 1,385 "
신용산,승차," 2,722 "," 6,150 "," 15,073 "," 20,559 "," 17,534 "," 16,679 "," 20,083 "," 21,518 "," 26,257 "," 28,455 "," 32,631 "," 36,517 "," 43,461 "," 69,311 "," 60,385 "," 47,613 "," 31,603 "," 26,170 "," 12,792 "," 1,921 "
,하차," 1,152 "," 10,714 "," 31,395 "," 93,774 "," 69,207 "," 36,708 "," 29,829 "," 30,191 "," 32,468 "," 31,154 "," 31,310 "," 30,559 "," 30,999 "," 37,248 "," 29,311 "," 17,819 "," 14,554 "," 13,135 "," 8,053 "," 2,054 "
이 촌,승차, 959 ," 4,080 "," 12,302 "," 19,053 "," 12,055 "," 10,731 "," 14,924 "," 18,583 "," 19,485 "," 22,668 "," 20,621 "," 27,182 "," 31,493 "," 31,985 "," 15,026 "," 9,692 "," 9,762 "," 7,228 "," 2,473 ", 253 
,하차, 853 ," 12,039 "," 19,887 "," 35,168 "," 29,996 "," 17,299 "," 16,819 "," 17,471 "," 20,563 "," 20,350 "," 17,125 "," 15,319 "," 14,705 "," 18,205 "," 16,681 "," 10,484 "," 9,030 "," 8,895 "," 5,719 "," 1,897 "
동 작,승차, 705 ," 2,780 "," 7,718 "," 12,209 "," 9,002 "," 6,824 "," 8,462 "," 7,846 "," 6,957 "," 7,141 "," 8,091 "," 7,837 "," 8,755 "," 11,264 "," 6,692 "," 4,356 "," 3,143 "," 2,520 "," 1,038 ", 160 
,하차, 312 ," 4,335 "," 6,686 "," 14,867 "," 8,561 "," 5,199 "," 4,965 "," 6,796 "," 7,016 "," 6,733 "," 6,517 "," 7,600 "," 8,662 "," 9,223 "," 8,135 "," 5,858 "," 5,007 "," 4,509 "," 3,109 ", 964 
총신대,승차," 9,235 "," 25,112 "," 68,737 "," 100,562 "," 60,950 "," 44,741 "," 41,607 "," 42,023 "," 43,037 "," 40,587 "," 40,130 "," 40,140 "," 43,223 "," 54,705 "," 41,809 "," 34,741 "," 31,918 "," 28,482 "," 15,424 "," 1,930 "
,하차," 1,094 "," 13,095 "," 26,021 "," 60,284 "," 46,592 "," 29,603 "," 30,051 "," 34,508 "," 37,539 "," 40,670 "," 46,848 "," 54,374 "," 67,594 "," 95,743 "," 93,400 "," 63,246 "," 56,352 "," 57,793 "," 37,546 "," 10,558 "
사당(4),승차," 12,640 "," 32,077 "," 90,179 "," 121,773 "," 85,433 "," 57,495 "," 52,123 "," 52,127 "," 55,586 "," 51,215 "," 48,829 "," 51,416 "," 61,714 "," 74,536 "," 58,021 "," 44,821 "," 45,749 "," 48,776 "," 25,147 "," 3,197 "
,하차," 2,435 "," 20,684 "," 39,923 "," 62,770 "," 49,210 "," 34,835 "," 31,742 "," 31,163 "," 32,002 "," 31,037 "," 32,944 "," 39,538 "," 50,574 "," 72,471 "," 69,209 "," 46,874 "," 45,369 "," 47,597 "," 34,915 "," 16,260 "
남태령,승차, 388 , 878 ," 2,127 "," 2,921 "," 2,280 "," 2,116 "," 1,928 "," 1,941 "," 2,078 "," 1,843 "," 2,472 "," 3,448 "," 3,125 "," 3,190 "," 2,014 "," 1,046 ", 806 , 539 , 227 , 51 
,하차, 77 ," 1,384 "," 3,142 "," 6,474 "," 2,042 "," 1,529 "," 1,361 "," 1,471 "," 1,522 "," 1,413 "," 1,421 "," 2,067 "," 1,857 "," 2,344 "," 2,171 "," 1,374 "," 1,460 "," 1,515 "," 1,014 ", 387 
